hidden_state,0,1,2,3,4
1,0.1256888263571345,0.25794348692695507,0.19404385039277758,0.2721303787079376,0.1501934576151952
2,0.040669418630660675,0.1699507222210925,0.5282076309385824,0.2074547044350001,0.05371752377466431
