hidden_state,0,1,2,3,4
0,0.044793821541856293,0.6201351537718935,0.31570817818231967,0.01936284650393049,0.0
1,0.00019825535289452815,0.0038234960915373285,0.10858728899966014,0.6266568483063328,0.2607341112495752
2,0.0,0.029129405576012624,0.8387559179379274,0.13211467648605996,0.0
3,0.643372354262741,0.28851838713491784,0.06184226084900083,0.006266997753340428,0.0
